epoch,dense_20_acc,dense_20_loss,dense_21_acc,dense_21_loss,dense_22_acc,dense_22_loss,dense_23_acc,dense_23_loss,loss,val_dense_20_acc,val_dense_20_loss,val_dense_21_acc,val_dense_21_loss,val_dense_22_acc,val_dense_22_loss,val_dense_23_acc,val_dense_23_loss,val_loss
0,0.88974524,0.2901727,0.8508528,0.29972664,0.87875545,0.30668676,0.8451438,0.3234824,1.2200732171526243,0.93256265,0.18399502,0.92421323,0.18680221,0.90944123,0.19674651,0.87989724,0.2399269,0.8074715056157131
1,0.9217869,0.22107762,0.91322345,0.21458994,0.90986943,0.23511738,0.881039,0.26160276,0.9323919770192028,0.93513167,0.16366875,0.93705845,0.16211148,0.91265255,0.17179157,0.84521514,0.2560496,0.7536221683928304
2,0.9250696,0.20359978,0.905659,0.2099418,0.9223578,0.20647661,0.88025403,0.25359634,0.8736183864489654,0.92678225,0.20626158,0.87797046,0.23019032,0.8773282,0.28270233,0.86319846,0.26608807,0.9852425152773304
3,0.9234996,0.22539608,0.884964,0.25245532,0.9250696,0.2223314,0.864483,0.2910041,0.9911889893282725,0.93513167,0.18528429,0.89723825,0.22392073,0.9216442,0.20993634,0.8908157,0.22955212,0.8486932397506727
4,0.92820954,0.20233823,0.9167202,0.21402179,0.9225719,0.2197947,0.8682652,0.2666002,0.9027579581341092,0.93705845,0.16494727,0.93256265,0.2620448,0.923571,0.17961915,0.8908157,0.22618276,0.8327949635978557
5,0.9296368,0.19662145,0.9207878,0.20714423,0.9298509,0.19712287,0.86712337,0.2693906,0.8702823615705474,0.9344894,0.16604172,0.9364162,0.17078489,0.91907513,0.1686428,0.89916503,0.20915094,0.7146207817442434
6,0.9309213,0.18597408,0.9242846,0.1923038,0.93077856,0.17995498,0.88232356,0.2467218,0.8049578749681157,0.9364162,0.16570976,0.9248555,0.17637894,0.9248555,0.16371097,0.89723825,0.21423869,0.7200393639845082
7,0.9297081,0.18728116,0.9270677,0.1844519,0.93035036,0.17870818,0.88425034,0.246602,0.7970467092724208,0.9357739,0.19852847,0.91457933,0.25610977,0.91779065,0.23328133,0.89788055,0.25077683,0.9386967745041911
