epoch,dense_187_acc,dense_187_loss,dense_188_acc,dense_188_loss,dense_189_acc,dense_189_loss,dense_190_acc,dense_190_loss,loss,val_dense_187_acc,val_dense_187_loss,val_dense_188_acc,val_dense_188_loss,val_dense_189_acc,val_dense_189_loss,val_dense_190_acc,val_dense_190_loss,val_loss
0,0.93039495,0.17572838,0.94598067,0.14377381,0.9325736,0.16931377,0.9072119,0.22481553,0.7136396106986305,0.90698844,0.18027335,0.933635,0.16922598,0.94268477,0.14447185,0.93011564,0.14258233,0.6365542625754992
1,0.9438579,0.13362154,0.96134293,0.09400882,0.9557008,0.11755855,0.952349,0.128622,0.4738147987510415,0.9180493,0.15589915,0.9713424,0.08316466,0.9281046,0.18985409,0.95575666,0.12256033,0.5514787850397407
2,0.94553375,0.12223824,0.9657561,0.09026979,0.9582705,0.10433834,0.9602257,0.10803687,0.42488596819965796,0.9436903,0.119154386,0.9597788,0.10697182,0.9562594,0.102903664,0.9482152,0.123611346,0.4526418781046556
3,0.94788,0.11819569,0.96949893,0.0805853,0.95743257,0.10838152,0.9624602,0.10403681,0.41120184308409546,0.950729,0.10874451,0.9698341,0.06944594,0.95877326,0.09220421,0.97335345,0.09099559,0.3613905713143355
4,0.9481035,0.11994533,0.96882856,0.08655046,0.95698565,0.11490932,0.9627395,0.11617859,0.437586175644381,0.94720966,0.11234558,0.974359,0.06513133,0.9638009,0.11100561,0.9683258,0.0980801,0.38656307018098574
